event_id,source,post_id,event_index,date,title,status,image_paths,image_dimensions,bad_paths,parse_method
7,vavilone_rb,7,0,2026-10-11,11 ОКТЯБРЯ 2026 г.,contains-vk-ui-image,vk_announcements/vavilone_rb/7-1.jpg | vk_announcements/vavilone_rb/7-2.jpg | vk_announcements/vavilone_rb/7-3.jpg | vk_announcements/vavilone_rb/7-4.jpg,vk_announcements/vavilone_rb/7-1.jpg:640x960 | vk_announcements/vavilone_rb/7-2.jpg:108x108 | vk_announcements/vavilone_rb/7-3.jpg:72x72 | vk_announcements/vavilone_rb/7-4.jpg:34x34,vk_announcements/vavilone_rb/7-2.jpg [ava=1] | vk_announcements/vavilone_rb/7-3.jpg [ava=1] | vk_announcements/vavilone_rb/7-4.jpg [type=audio],vk_html_local_generic_v14_primary_date
12,idmamaanarchy,886,0,2026-09-14,Концерт-трибьют к 75-летию Александра Розенбаума,clean,vk_announcements/idmamaanarchy/886-1.jpg,vk_announcements/idmamaanarchy/886-1.jpg:1080x1440,,vk_html_local_structured_v14
15,idmamaanarchy,1140,0,2026-09-14,Паб Мама Анархия,clean,vk_announcements/idmamaanarchy/1140-1.jpg,vk_announcements/idmamaanarchy/1140-1.jpg:1080x1529,,vk_html_local_structured_v14
33,liverpool_pub_vrn,2705,1,2026-09-19,"Алексей Вдовин, билеты vdovinvrn.ticketscloud.org/",missing-poster,,,,vk_html_local_inline_schedule_v131
34,liverpool_pub_vrn,2705,2,2026-09-20,"Игорь Лисов, билеты voronezh.qtickets.events/246771-igo...",missing-poster,,,,vk_html_local_inline_schedule_v131
35,liverpool_pub_vrn,2705,3,2026-09-26,"Алексей Панасовский, билеты moscow.qtickets.events/252371-a-p...",missing-poster,,,,vk_html_local_inline_schedule_v131
45,deadway36,147,0,2026-09-26,"Вступаем во встречу, жмем колокол.; Стерлядь; Аргумент; Фил Лемон; Стерлядь — Поворот; Стерлядь — Поворот; и ещё 1 трек; Добавить в мою музыку; Воспроизвести",clean,vk_announcements/deadway36/147-1.jpg,vk_announcements/deadway36/147-1.jpg:1080x1528,,vk_html_local_structured_v14
48,idmamaanarchy,1137,0,2026-09-13,Когда? 13 сентября (в воскресенье)!,contains-vk-ui-image,vk_announcements/idmamaanarchy/1137-1.jpg | vk_announcements/idmamaanarchy/1137-2.jpg | vk_announcements/idmamaanarchy/1137-3.jpg,vk_announcements/idmamaanarchy/1137-1.jpg:1080x1528 | vk_announcements/idmamaanarchy/1137-2.jpg:1440x1440 | vk_announcements/idmamaanarchy/1137-3.jpg:240x240,vk_announcements/idmamaanarchy/1137-2.jpg [ava=1] | vk_announcements/idmamaanarchy/1137-3.jpg [ava=1],vk_html_local_generic_v14_primary_date
49,idmamaanarchy,1142,0,2026-09-19,"пабе Мама Анархия с электроакустической презентацией нового альбома ""Оркестр Меланхолия""!",contains-vk-ui-image,vk_announcements/idmamaanarchy/1142-1.jpg | vk_announcements/idmamaanarchy/1142-2.jpg,vk_announcements/idmamaanarchy/1142-1.jpg:640x640 | vk_announcements/idmamaanarchy/1142-2.jpg:1440x1440,vk_announcements/idmamaanarchy/1142-2.jpg [ava=1],vk_html_local_generic_v14_primary_date
53,rb_diesel,13685,0,2026-10-01,"Дрфест ""Апекс 29 лет спустя"" / Воронеж 1.10.2026",clean,vk_announcements/rb_diesel/13685-1.jpg,vk_announcements/rb_diesel/13685-1.jpg:1080x1512,,vk_html_local_generic_v14_primary_date
55,idmamaanarchy,1181,0,2026-09-16,"HELLO, СЕЛО",clean,vk_announcements/idmamaanarchy/1181-1.jpg,vk_announcements/idmamaanarchy/1181-1.jpg:1080x1529,,vk_html_local_structured_v14
56,idmamaanarchy,1183,0,2026-09-18,Сквозь время,clean,vk_announcements/idmamaanarchy/1183-1.jpg,vk_announcements/idmamaanarchy/1183-1.jpg:1080x1529,,vk_html_local_structured_v14
57,idmamaanarchy,866,0,2026-09-19,19.09 | Вадим Курылёв | Воронеж,contains-vk-ui-image,vk_announcements/idmamaanarchy/866-1.jpg,vk_announcements/idmamaanarchy/866-1.jpg:1440x1440,vk_announcements/idmamaanarchy/866-1.jpg [ava=1],vk_html_local_generic_v14_primary_date
58,vavilone_rb,3802,0,2026-10-01,Провожали лето с JJACKS в прекрасном Рок-бар “The last of Vavilone”,clean,vk_announcements/vavilone_rb/3802-1.jpg | vk_announcements/vavilone_rb/3802-2.jpg | vk_announcements/vavilone_rb/3802-3.jpg | vk_announcements/vavilone_rb/3802-4.jpg | vk_announcements/vavilone_rb/3802-5.jpg | vk_announcements/vavilone_rb/3802-6.jpg | vk_announcements/vavilone_rb/3802-7.jpg | vk_announcements/vavilone_rb/3802-8.jpg,vk_announcements/vavilone_rb/3802-1.jpg:640x426 | vk_announcements/vavilone_rb/3802-2.jpg:640x426 | vk_announcements/vavilone_rb/3802-3.jpg:640x426 | vk_announcements/vavilone_rb/3802-4.jpg:640x960 | vk_announcements/vavilone_rb/3802-5.jpg:640x960 | vk_announcements/vavilone_rb/3802-6.jpg:640x1138 | vk_announcements/vavilone_rb/3802-7.jpg:640x426 | vk_announcements/vavilone_rb/3802-8.jpg:640x426,,vk_html_local_generic_v14_primary_date
59,vavilone_rb,4528,0,2026-10-01,Как мы провожали это лето!,clean,vk_announcements/vavilone_rb/4528-1.jpg,vk_announcements/vavilone_rb/4528-1.jpg:640x937,,vk_html_local_generic_v14_primary_date
60,vavilone_rb,4529,0,2026-10-01,Как мы провожали лето!,clean,vk_announcements/vavilone_rb/4529-1.jpg,vk_announcements/vavilone_rb/4529-1.jpg:640x960,,vk_html_local_generic_v14_primary_date
61,rb_diesel,13690,0,2026-10-03,COREFEST #3,clean,vk_announcements/rb_diesel/13690-1.jpg,vk_announcements/rb_diesel/13690-1.jpg:1080x1528,,vk_html_local_structured_v14
62,overlockbar,191,0,2026-10-17,"Декада 00 — мёртвые цветы — алыча (дебют) билеты: voronezh.qtickets.events/257876-traume (300/500) Пушкинская ул., 518:00",clean,vk_announcements/overlockbar/191-1.jpg,vk_announcements/overlockbar/191-1.jpg:640x640,,vk_html_local_generic_v14_primary_date
63,rb_diesel,13726,0,2026-09-25,CHOPSY — SYSTEM OF A DOWN TRIBUTE,clean,vk_announcements/rb_diesel/13726-1.jpg,vk_announcements/rb_diesel/13726-1.jpg:1080x1528,,vk_html_local_structured_v14
64,rb_diesel,13727,0,2026-09-19,Воронеж / Diesel,contains-vk-ui-image,vk_announcements/rb_diesel/13727-2.jpg,vk_announcements/rb_diesel/13727-2.jpg:240x240,vk_announcements/rb_diesel/13727-2.jpg [ava=1],vk_html_local_generic_v14_primary_date
65,idmamaanarchy,1189,0,2026-10-10,Анархия Рок-Паб,clean,vk_announcements/idmamaanarchy/1189-1.jpg,vk_announcements/idmamaanarchy/1189-1.jpg:1080x1526,,vk_html_local_structured_v14
66,rb_diesel,13738,0,2026-09-25,запись закреплена,clean,vk_announcements/rb_diesel/13738-1.jpg,vk_announcements/rb_diesel/13738-1.jpg:640x853,,vk_html_local_generic_v14_primary_date
67,rb_diesel,13733,0,2026-10-23,"MANHUNT TOUR | 23.10.2026 | ВОРОНЕЖ EMIVA представляет: MANHUNT TOUR | 23.10.2026 | ВОРОНЕЖ Охота объявлена. Ты думал, что спрячешься в толпе? Нет. Manhunt Tour настигнет тебя везде. Никаких провокаций, только самые тяже",clean,vk_announcements/rb_diesel/13733-1.jpg,vk_announcements/rb_diesel/13733-1.jpg:1080x1494,,vk_html_local_generic_v14_primary_date
